item_id,h_raw,h_icc,n_resp,n_clusters_used,topic,het_quartile,role_standard,role_adversarial,h_raw_coarse,h_icc_coarse
vote16,0.5034659677267828,0.48513106098424713,2995,122,politics,q4,anchor,target,0.3517701203666827,0.3556501896457833
pres16,0.14021587675916589,0.08688908812564763,1890,113,politics,q3,anchor,target,0.038219258375347474,0.027075126617695018
if16who,0.10764671880682074,0.019332755010566634,831,76,politics,q1,anchor,target,0.02807038472454224,0.0011590349042580597
polviews,0.13542703746687618,0.10195633223231979,3160,122,politics,q3,anchor,target,0.0524809635428834,0.04671720098193772
natspac,0.13800665564039044,0.06756333436853017,1576,121,science_environment,q2,anchor,anchor,0.03706132191378372,0.022452594264071223
natenvir,0.16016261413839133,0.09467415407254394,1639,121,science_environment,q3,anchor,anchor,0.05078312168921065,0.037562100321143946
natheal,0.1403581096159234,0.07320885196546957,1641,121,health_wellbeing,q2,target,target,0.03210805819526929,0.01786858051527696
natcity,0.12198158722747743,0.0510781513191788,1583,120,econ_inequality,q1,target,anchor,0.026855636807629053,0.01178201853796072
natcrime,0.149435428884254,0.08278154983475619,1634,121,crime_justice,q3,target,anchor,0.023947755688636385,0.009176138721145151
natdrug,0.13684552397889604,0.06901627196055919,1633,121,health_wellbeing,q2,target,target,0.031094779171923742,0.01672158027157761
nateduc,0.11474496553248204,0.046097456412115365,1658,121,education_policy,q1,anchor,anchor,0.022950482553778673,0.008352879718639548
natrace,0.12684944916093738,0.05639765302822727,1583,120,race_ethnicity,q1,anchor,anchor,0.032317010088081466,0.0175509154407242
natarms,0.21614115723661956,0.15486273212625723,1622,121,politics,q4,anchor,target,0.09870019251844449,0.08783640000332688
nataid,0.13528374435625284,0.06639042992300667,1613,121,politics,q2,anchor,target,0.040581649000217886,0.026547165018486734
natfare,0.11423857216892443,0.044292208227704764,1631,121,econ_inequality,q1,anchor,anchor,0.02652927210216751,0.011876303867492987
natroad,0.13040244468399745,0.09764992213939393,3244,122,politics,q3,target,target,0.07342133787788058,0.06881050061553737
natsoc,0.11128853681700294,0.07712031290527753,3200,122,econ_inequality,q2,target,anchor,0.051021413578861564,0.04529684058847064
natchld,0.07464126048329459,0.038556278469990206,3191,122,gender_family,q1,target,anchor,0.02206708943951522,0.01493614227996663
natsci,0.08392027748391576,0.04767707013634455,3140,122,science_environment,q1,target,anchor,0.02152855915536481,0.014238018345828263
natenrgy,0.0789020447669356,0.04293709224055285,3183,122,science_environment,q1,anchor,anchor,0.030535816324242494,0.023793593353640615
natspacy,0.15404144569751926,0.08330980875571523,1539,121,science_environment,q3,target,anchor,0.03708776741994297,0.022092983882778108
natenviy,0.16392174890998937,0.0967572193681912,1580,120,science_environment,q3,anchor,anchor,0.05194517008348604,0.03825291779872911
nathealy,0.1245936337857165,0.054288427230443206,1603,121,health_wellbeing,q1,target,target,0.02628937796117531,0.011345039014144255
natcityy,0.16275810190655435,0.09160910627770749,1515,121,econ_inequality,q3,anchor,anchor,0.04776692188383836,0.03310503913532462
natcrimy,0.1950248563379417,0.13040185674657515,1587,121,crime_justice,q4,target,anchor,0.11031891971133444,0.09974743283026344
natdrugy,0.13198255841907047,0.06100104021727139,1562,120,health_wellbeing,q1,anchor,target,0.039550315273288915,0.024982968199983847
nateducy,0.15224619712335954,0.08451409743383825,1604,121,education_policy,q3,anchor,anchor,0.052559993016727265,0.039104489609935296
natracey,0.16420295551888053,0.0924866317250688,1489,120,race_ethnicity,q3,target,anchor,0.061504551806206786,0.0473631694552377
natarmsy,0.1569821839514099,0.08785301808118301,1566,121,politics,q3,anchor,target,0.06644715748173563,0.05336946218762356
nataidy,0.16192208862726348,0.09398674646055809,1581,121,politics,q3,anchor,target,0.06237822730903883,0.04923615138857741
natfarey,0.14836963944512271,0.07966827058482856,1591,121,econ_inequality,q2,anchor,anchor,0.04528655257629151,0.03130300837809528
eqwlth,0.22296639343872476,0.13182881185318032,977,105,econ_inequality,q4,target,anchor,0.09546432921029427,0.0758765542261711
tax,0.11155145954857194,0.05984091028798044,2177,122,econ_inequality,q1,target,anchor,0.029368348102490387,0.018829793261871067
spkath,0.20116542007384897,0.11355548519662152,1091,110,politics,q4,target,target,0.0754983600563364,0.05677975775508097
colath,0.12877600670332964,0.07834188450861607,2180,122,politics,q2,target,target,0.05515173267285845,0.04594684573841634
libath,0.21976120483070402,0.13366676395394195,1073,109,politics,q4,target,target,0.05918825753774035,0.03920450678789621
spkrac,0.18338496261928158,0.09363176280337708,1081,109,politics,q3,target,target,0.08208427801369196,0.06366325287661667
colrac,0.10097200678713136,0.04853054416725184,2177,122,politics,q1,anchor,target,0.02367432487126023,0.012836200687978265
librac,0.18769981000974198,0.09798021260776457,1076,109,politics,q3,anchor,target,0.06315834559764286,0.04348133988912458
spkcom,0.22503028007076648,0.1378971021646626,1065,110,politics,q4,anchor,target,0.08603480428408945,0.06743678666693809
colcom,0.21339518945143926,0.12507876959336386,1038,107,politics,q4,anchor,target,0.07709958886172873,0.05761495789000966
libcom,0.1799930310695878,0.08836548848822398,1066,109,politics,q3,target,target,0.04668436425804254,0.025771333511735595
spkmslm,0.2013970077537497,0.11241312539000947,1076,110,politics,q3,target,target,0.06287757901662094,0.04308448850767684
colmslm,0.11507856689586768,0.06353189089033717,2174,122,politics,q2,anchor,target,0.03328163262558274,0.022933757321549966
libmslm,0.20160701685762702,0.11340638444258554,1084,110,politics,q3,anchor,target,0.06360703795088972,0.044019072105232517
cappun,0.11981247001441456,0.06568503542695635,2067,122,crime_justice,q2,anchor,anchor,0.04197094067608947,0.03146881880620667
gunlaw,0.11105086425614878,0.05968062734546904,2191,122,crime_justice,q1,anchor,anchor,0.03089022074092181,0.020508736551914448
courts,0.1382291362417715,0.022602296571227386,701,84,crime_justice,q1,anchor,anchor,0.031835657592924824,0.0010859047017196556
grass,0.1600530976773657,0.04905525273008309,777,92,crime_justice,q1,anchor,anchor,0.06417783919450785,0.03766142246439207
fund,0.12220952714786093,0.08674176218353648,3048,122,religion_morality,q3,anchor,anchor,0.054849823987462396,0.04891375125846289
reliten,0.21186931497997993,0.14258457955405665,1400,116,religion_morality,q4,anchor,anchor,0.09326151575405911,0.08000490493733829
postlife,0.13961693686564455,0.0550432103313131,1256,114,religion_morality,q1,target,anchor,0.04271328304396587,0.024664135775830324
pray,0.13552504200355117,0.1032705460535397,3269,122,religion_morality,q3,target,anchor,0.06557350173964366,0.06067291169975989
prayer,0.18539576506648245,0.08196254485109396,811,93,religion_morality,q2,target,anchor,0.06564869698952516,0.040508846339074575
bible,0.1698596592718171,0.0970137794141676,1410,116,religion_morality,q3,anchor,anchor,0.06342569178740405,0.04863329888973799
racopen,0.17195959534534166,0.07208395875917653,905,99,race_ethnicity,q2,anchor,anchor,0.05188493142556086,0.028182513298486884
raclive,0.16195684308464303,0.12786377346118377,2998,122,race_ethnicity,q4,anchor,anchor,0.1030233292013294,0.09910208954089963
affrmact,0.12343377755482447,0.06791358325919875,2010,122,race_ethnicity,q2,target,anchor,0.0330204412155799,0.021691290650213385
wrkwayup,0.1327635581183262,0.08128370588921584,2130,122,race_ethnicity,q2,anchor,anchor,0.0532250917338487,0.04366261624531826
happy,0.08546435770292979,0.05096079493221473,3281,122,health_wellbeing,q1,target,target,0.026827274587679698,0.02014903354151748
hapmar,0.11530071025604063,0.039159173957764845,1306,105,gender_family,q1,anchor,anchor,0.025817682561953062,0.007763722479680772
health,0.1575391789571942,0.12659807977886836,3294,122,health_wellbeing,q4,target,target,0.03130231404724305,0.02486916073269206
life,0.1371085516559079,0.08821536589434817,2220,122,health_wellbeing,q3,target,target,0.032509740373658544,0.022365692228844145
helpful,0.1761588868466137,0.07279886289558798,874,99,civic_trust,q2,anchor,anchor,0.04620826455372392,0.020926258302369993
fair,0.22926370540192356,0.13379695800661068,870,98,civic_trust,q4,anchor,anchor,0.09303733107577022,0.07092830135743015
trust,0.2663335324693767,0.1761350707723571,881,99,civic_trust,q4,target,anchor,0.13120502955336416,0.11165099334857694
confinan,0.1330349250820475,0.0824729882469289,2164,122,civic_trust,q3,anchor,anchor,0.028205605673442897,0.017537213634801586
conbus,0.09707690896458611,0.04334541692463237,2139,122,civic_trust,q1,target,anchor,0.02399674654778568,0.012965295386496543
conclerg,0.12642971909606002,0.074301170154603,2122,122,civic_trust,q2,target,anchor,0.05099650401400399,0.041275984617117595
coneduc,0.13615614975311388,0.08580366415293114,2164,122,civic_trust,q3,anchor,anchor,0.034168821983399725,0.023814517397919174
confed,0.11713036125250664,0.0649698818449029,2145,122,civic_trust,q2,target,anchor,0.02591894396780468,0.015024182641019672
conlabor,0.1784817382351041,0.08059835111277228,1017,110,civic_trust,q2,anchor,anchor,0.05931437127135052,0.03804198518112986
conpress,0.13038136544484566,0.07906286833159601,2142,122,civic_trust,q2,anchor,anchor,0.02768425507210292,0.016867105230587855
conmedic,0.13443347357616994,0.08383722948198195,2159,122,civic_trust,q3,target,anchor,0.036168902031662446,0.025891038725704713
contv,0.1162560789849149,0.06427279820365153,2154,122,civic_trust,q2,target,anchor,0.02948514818054846,0.0188294951901969
conjudge,0.08703729043265315,0.032769508673928645,2145,122,civic_trust,q1,anchor,anchor,0.00991676190339955,-0.0018384389044504765
consci,0.1378584941898267,0.08651003313978667,2121,122,civic_trust,q3,anchor,anchor,0.04953963850805714,0.03973262813978715
conlegis,0.12464948593039298,0.073097182072478,2148,122,civic_trust,q2,target,anchor,0.02342750263848416,0.012416517727616823
conarmy,0.10443424595600304,0.05165273360774759,2155,122,civic_trust,q1,anchor,anchor,0.026662854176098084,0.015863315841911647
obey,0.17480706028373777,0.1258511932808737,2114,122,gender_family,q4,target,anchor,0.05785003479880865,0.04843040525037
popular,0.10758239822113097,0.05391581953357342,2114,122,gender_family,q1,anchor,anchor,0.018606208417662747,0.007141646409705271
thnkself,0.1296530193751007,0.07754514165281108,2114,122,gender_family,q2,anchor,anchor,0.023202945675306983,0.011985029561578152
workhard,0.09718872243329575,0.04278400016696758,2114,122,gender_family,q1,anchor,anchor,0.020173265736066818,0.008792999409901296
helpoth,0.10136976211397415,0.04726228744211668,2114,122,gender_family,q1,anchor,anchor,0.027631199956656863,0.016649101204269885
socrel,0.12269132575933875,0.07154158802192506,2169,122,social_networks,q2,anchor,anchor,0.043745302038365366,0.03391557875837113
socommun,0.10829616945932984,0.05615437371982583,2169,122,social_networks,q1,anchor,anchor,0.023280441069667524,0.012379627402557271
socfrend,0.15664000096379707,0.1077445700448302,2166,122,social_networks,q3,anchor,anchor,0.07272195390074267,0.06432396654792527
socbar,0.1393366712606823,0.08941694571874478,2172,122,social_networks,q3,anchor,anchor,0.05062979453064783,0.04116655497877036
joblose,0.1688581654419427,0.09600659435296159,1165,96,work_labor,q3,anchor,anchor,0.060355658982769664,0.042696887987129825
jobfind,0.15729279988573072,0.08228013623912586,1163,97,work_labor,q2,target,anchor,0.0354357318484556,0.016005760661067667
satjob,0.11039075310233985,0.06217459975918626,2229,117,work_labor,q1,target,anchor,0.04731342409200698,0.03826527991407787
richwork,0.1343149432508146,0.06382908802673921,1264,97,work_labor,q2,anchor,anchor,0.04119151518194208,0.02393718793671316
class,0.23254229176825775,0.2047632349778807,3268,122,econ_inequality,q4,anchor,anchor,0.06102699246060775,0.05591455585317466
satfin,0.18009457027831322,0.1501682338316979,3291,122,econ_inequality,q4,anchor,anchor,0.045134989411481585,0.039348984502880255
finalter,0.11003104947149028,0.07676023963328761,3286,122,econ_inequality,q2,anchor,anchor,0.04141982581448238,0.035448237012337375
finrela,0.25718652172743467,0.2305760919962747,3274,122,econ_inequality,q4,anchor,anchor,0.04673529834410184,0.040983647917127254
getahead,0.22103440198838104,0.1279894224317652,917,100,econ_inequality,q4,target,anchor,0.04655159479079198,0.022706351571030008
kidssol,0.1917322145675211,0.09006290030216174,808,92,econ_inequality,q3,target,anchor,0.06009452970776529,0.03447625089730377
fepol,0.23556157065666192,0.13332906951405532,822,99,gender_family,q4,anchor,anchor,0.09638399856530498,0.07308249037429179
abdefect,0.13768274905957673,0.06398439702218967,1526,122,gender_family,q2,anchor,anchor,0.036490309045697965,0.02127359196814293
abnomore,0.17211652817064788,0.10151874249524635,1522,122,gender_family,q3,anchor,anchor,0.04926705393812202,0.034728756239562904
abhlth,0.17747255326170186,0.10903904961513997,1555,122,gender_family,q3,target,anchor,0.03855717182949905,0.02377743539513238
abpoor,0.15090204157081596,0.07874922873106369,1531,122,gender_family,q2,anchor,anchor,0.0441930396221342,0.029472654002330793
abrape,0.1768644561642365,0.10709092836695287,1529,122,gender_family,q3,anchor,anchor,0.031633381549399264,0.01617004951619398
absingle,0.16388334193816173,0.09264551878168814,1525,122,gender_family,q3,target,anchor,0.03787031264485,0.022718835640463442
abany,0.1381656377619931,0.08734980908128646,2140,122,gender_family,q3,target,anchor,0.03653803498039895,0.026165374257218182
pillok,0.11659439809837437,0.06381009092662931,2123,122,sexuality,q2,target,anchor,0.04405481157751271,0.03398329596958498
sexeduc,0.12259439263352669,0.07044480381501922,2131,122,sexuality,q2,target,anchor,0.05353298712732242,0.043992072724517016
divlaw,0.20005335613818193,0.09793710052248698,815,94,gender_family,q3,anchor,anchor,0.07226376236809381,0.04764705964504421
premarsx,0.13409323032952367,0.08232029054273605,2115,122,sexuality,q2,anchor,anchor,0.05732617410549174,0.047883949905299476
teensex,0.13410208117617722,0.08254769393248139,2123,122,sexuality,q3,target,anchor,0.06270881448397336,0.05358633962504753
xmarsex,0.12028266065344574,0.06948151832598787,2189,122,sexuality,q2,anchor,anchor,0.04486510948428866,0.035190876740757486
homosex,0.1784989431203998,0.13006826305751723,2125,122,sexuality,q4,anchor,anchor,0.08307308914622884,0.07494057870802133
pornlaw,0.11685718970448428,0.06480031230897385,2150,122,sexuality,q2,anchor,anchor,0.02987023437615079,0.019211243736313253
xmovie,0.2588521597640615,0.17291259015846286,1071,114,sexuality,q4,target,anchor,0.14616476657493027,0.13085028473824734
letdie1,0.2206513486987013,0.12703491563429167,1015,111,health_wellbeing,q4,anchor,target,0.05963758891300722,0.03834038567374804
suicide1,0.14934917789112412,0.0746607463763091,1462,120,health_wellbeing,q2,anchor,target,0.03323123934961494,0.017171776134957604
suicide2,0.1563446303835708,0.08296184122623597,1473,120,health_wellbeing,q3,anchor,target,0.04773981054715868,0.032643247807950984
suicide4,0.16182634513417382,0.08664713137540263,1432,120,health_wellbeing,q3,anchor,target,0.03752485815863286,0.021338211858253096
polhitok,0.21926139407064169,0.12954264078253985,1045,110,crime_justice,q4,target,anchor,0.03246999980947896,0.010139423273259868
polabuse,0.18447187712258292,0.0890704320939218,1052,112,crime_justice,q3,anchor,anchor,0.04042989083880385,0.01859639251762612
polmurdr,0.10866898238221466,0.055691397903744715,2137,122,crime_justice,q1,target,anchor,0.030360163638601837,0.01965352447513419
polescap,0.11181044753016856,0.059193833347951766,2142,122,crime_justice,q1,anchor,anchor,0.028788318105924915,0.018027053042690977
polattak,0.18643126337430335,0.09067659185560346,1065,114,crime_justice,q3,anchor,anchor,0.043531210609527284,0.02200443507676216
fear,0.11297699629980255,0.06253070081712535,2223,122,crime_justice,q1,target,anchor,0.034709022034017475,0.024694034347675534
owngun,0.16126295775055569,0.11364423921005612,2206,122,crime_justice,q4,anchor,anchor,0.05334267966338574,0.04418672848006463
pistol,0.1499155632781069,0.10099299744007517,2183,122,crime_justice,q3,anchor,anchor,0.06839797193882433,0.059869338403189934
shotgun,0.17960963400213842,0.1326944645170964,2183,122,crime_justice,q4,target,anchor,0.07119408136913406,0.062801841542325
rifle,0.16981993408398502,0.12224536603013644,2183,122,crime_justice,q4,anchor,anchor,0.06485004572693037,0.05614734677354259
rowngun,0.2553540243993398,0.16115304985833218,744,86,crime_justice,q4,anchor,anchor,0.13073726311144943,0.10851757293168707
hunt,0.11300603698718148,0.06270964567609472,2229,122,misc_behavior,q1,anchor,anchor,0.03831300364845773,0.028514268512663272
hunt1,0.11412096835455111,0.06389996090891521,2229,122,misc_behavior,q2,anchor,anchor,0.03774065788419259,0.027912555644667398
news,0.16236413928167756,0.11391458374879987,2168,122,media_technology,q4,anchor,target,0.059955578904524166,0.050939231533305505
fechld,0.14212708336291446,0.09229458011268656,2168,122,gender_family,q3,anchor,anchor,0.02093804182237496,0.009906922419950441
fepresch,0.15200134973623006,0.10246980195317469,2153,122,gender_family,q3,target,anchor,0.051416392948394625,0.041890785481321885
fefam,0.1651484296681278,0.11674942463040784,2162,122,gender_family,q4,target,anchor,0.04649930447982017,0.03677004611555537
racdif1,0.20582434517274376,0.11168920072682267,962,104,race_ethnicity,q3,anchor,anchor,0.09671663570442461,0.07677076073364723
racdif2,0.1646739227907054,0.06671921219174161,985,105,race_ethnicity,q2,anchor,anchor,0.055945370490050675,0.03401443295402901
racdif3,0.21950212611766629,0.12753477593867804,975,105,race_ethnicity,q4,target,anchor,0.06716452203493867,0.04561746178016422
racdif4,0.1752364716966825,0.07728054259661106,973,105,race_ethnicity,q2,target,anchor,0.060365717158000376,0.038359182008851536
helppoor,0.15441983453154856,0.08995559904188812,1688,122,econ_inequality,q3,anchor,anchor,0.06314874364372408,0.05100585773300705
helpnot,0.17361872152261953,0.1095038509132483,1643,121,econ_inequality,q3,anchor,anchor,0.06374449598595024,0.051277946222398146
helpsick,0.1503504015529737,0.08466030866561852,1639,120,health_wellbeing,q3,anchor,target,0.03322832829575756,0.019071087859376182
helpblk,0.13331987004490714,0.06540128225044883,1611,119,race_ethnicity,q2,target,anchor,0.03512469014855114,0.020834255156782593
numgiven,0.2048817677504202,0.11537339186135905,1008,104,social_networks,q4,target,anchor,0.06649802437165372,0.04576788684763967
race1,0.22848906389778317,0.13483259035618492,914,101,social_networks,q4,anchor,anchor,0.06580839675394795,0.04295636986304811
race2,0.24838898580803556,0.152248819569066,819,95,social_networks,q4,target,anchor,0.09791487105486356,0.07507755275947814
race3,0.25808229050017545,0.15599060574276194,686,85,social_networks,q4,target,anchor,0.09293572841287837,0.0661574301635112
spouse1,0.21175143363637072,0.11654649826840421,901,99,social_networks,q4,target,anchor,0.051283791468958444,0.027340681370625737
spouse2,0.15718135959231389,0.04872890676644957,822,95,social_networks,q1,target,anchor,0.05186663536562627,0.025975813596894572
spouse3,0.2648099812433498,0.16441753172946624,690,85,social_networks,q4,anchor,anchor,0.05449488635369875,0.025055075839162524
child1,0.21862590621979786,0.12432502127273652,901,99,social_networks,q4,anchor,anchor,0.05688463960792977,0.033322608505857186
child2,0.2524446009655037,0.15728331695055187,822,95,social_networks,q4,anchor,anchor,0.11881625345590704,0.09742448222164078
child3,0.24179083609596172,0.13797583020071083,690,85,social_networks,q4,target,anchor,0.11429985646870659,0.0891697181003688
othfam1,0.20845690202656925,0.11281824387030431,901,99,social_networks,q3,target,anchor,0.040916209327077804,0.016259861279130896
othfam2,0.20768590698611838,0.10631298990528198,822,95,social_networks,q3,anchor,anchor,0.0496723726035567,0.02362693791217862
othfam3,0.20560910790892928,0.09637984149642409,690,85,social_networks,q3,anchor,anchor,0.05819636035565507,0.029033287445068785
cowork1,0.12198191985418186,0.014851148795935085,901,99,social_networks,q1,anchor,anchor,0.03963752524848341,0.014892505009990594
cowork2,0.16467506169420718,0.05727777515974432,822,95,social_networks,q1,anchor,anchor,0.033979539833058264,0.006815059698236931
cowork3,0.17289786577537442,0.058737161273220255,690,85,social_networks,q1,anchor,anchor,0.03491293047425817,0.003987054292072376
memgrp1,0.10671382677123341,-0.0024675891452156304,901,99,social_networks,q1,anchor,anchor,0.02835315907942071,0.0028188890314507814
memgrp2,0.09574838219406097,-0.02141646693243753,822,95,social_networks,q1,target,anchor,0.02570506776250903,-0.0020588608966137932
memgrp3,0.10837869503019579,-0.015610510738857624,690,85,social_networks,q1,anchor,anchor,0.04820134305752562,0.018287962463709746
neighbr1,0.13555996574628656,0.0302474027153861,901,99,social_networks,q1,anchor,anchor,0.04356243785155219,0.01908910439945121
neighbr2,0.1104629127204254,-0.004605023733733533,822,95,social_networks,q1,target,anchor,0.08104105475265871,0.057162687117274805
neighbr3,0.13493693876936247,0.015009849679350162,690,85,social_networks,q1,target,anchor,0.08191235637119913,0.05449102803202225
friend1,0.19667319407651476,0.0994807552199102,901,99,social_networks,q3,target,anchor,0.04851200638277622,0.02437920776371412
friend2,0.17684063530949556,0.07115283821077258,822,95,social_networks,q2,anchor,anchor,0.041626020319343315,0.01500972028141278
friend3,0.20878129071839785,0.10002840736864546,690,85,social_networks,q3,target,anchor,0.06658541084561392,0.03804464282748703
advisor1,0.15941537879115072,0.05728483170698492,901,99,social_networks,q1,target,anchor,0.056457849195599104,0.03286688388458628
advisor2,0.11846148283096396,0.004530720904506574,822,95,social_networks,q1,anchor,anchor,0.051182145737814565,0.025243142114445446
advisor3,0.10173927814882376,-0.023269018908837875,690,85,social_networks,q1,target,anchor,0.030428136760580107,-0.0008433117737532272
other1,0.17622099797455562,0.07632261946392707,901,99,social_networks,q2,target,anchor,0.06108250101525861,0.03780414599730883
other2,0.16023184670832,0.05220912298560897,822,95,social_networks,q1,anchor,anchor,0.09542819366263207,0.07251269729549324
other3,0.1759504627553647,0.062251425494551295,690,85,social_networks,q1,anchor,anchor,0.06380669231804904,0.03506054937828581
talkto1,0.2221367553706491,0.12803195617097582,908,100,social_networks,q4,anchor,anchor,0.08913837788772168,0.06779547170021914
talkto2,0.26583936392882623,0.17239442333020008,821,95,social_networks,q4,anchor,anchor,0.10292992477401258,0.0804795391765084
talkto3,0.26286092227761043,0.16183753230008396,688,85,social_networks,q4,anchor,anchor,0.09485090007342765,0.06828249041705887
god,0.13614639367823203,0.08568528604219741,2160,122,religion_morality,q3,anchor,anchor,0.0575240195293225,0.04833985232907939
reborn,0.11667984534448328,0.08257235566390775,3185,122,religion_morality,q3,target,anchor,0.05378188422585627,0.04813865713667958
liveblks,0.12926176147304771,0.07765313770364675,2134,122,race_ethnicity,q2,anchor,anchor,0.03903501214510023,0.02876486262113647
marblk,0.12476502806922908,0.07345068378402898,2157,122,race_ethnicity,q2,anchor,anchor,0.039014688673314465,0.028872852163397404
marasian,0.09205739123825349,0.03808996483435816,2143,122,race_ethnicity,q1,target,anchor,0.022069810351957316,0.010958820649658226
marhisp,0.08998795789070756,0.03609111905321825,2151,122,race_ethnicity,q1,target,anchor,0.02558469652407856,0.01470599270233081
marwht,0.09870970673848257,0.04531263100444116,2147,122,race_ethnicity,q1,anchor,anchor,0.03522724703630444,0.02483222510809447
discaff,0.06533682390851038,0.028318550954566153,3154,122,race_ethnicity,q1,target,anchor,0.01970404760774736,0.012359357869935547
united,0.2647029409229943,0.18279237259942432,1011,104,civic_trust,q4,anchor,anchor,0.06827279495929713,0.04769959621441923
impfinan,0.19894000970799383,0.10880084434956215,1009,104,econ_inequality,q3,target,anchor,0.06585806473871866,0.045109427526736946
impmar,0.19253370705515613,0.10158886368466642,999,103,gender_family,q3,target,anchor,0.0661692765502068,0.04530241458238422
impkids,0.14755758585762574,0.05072880447560644,1006,104,gender_family,q1,target,anchor,0.03908478800771561,0.016518493585103405
impgod,0.20064989362291907,0.11061917216092729,1008,104,religion_morality,q3,anchor,anchor,0.06642241656305509,0.04568744220566651
impthngs,0.20341075544764306,0.11392413976933376,1010,104,econ_inequality,q4,anchor,anchor,0.06133292088165181,0.04031669217734489
impcultr,0.18874873340297216,0.09714706929380033,1007,104,misc_behavior,q3,target,anchor,0.05611878723511891,0.03469707971682363
impjob,0.1303631177853623,0.031604433387360686,1008,104,work_labor,q1,anchor,anchor,0.031820498525362784,0.008815713292105787
impself,0.1898466673511684,0.09879188618677454,1011,104,misc_behavior,q3,anchor,anchor,0.07847335328582819,0.0585686275622787
fejobaff,0.20230691987288973,0.10810364220271468,1004,108,gender_family,q3,anchor,anchor,0.04208353682594011,0.019657081823192993
refpromo,0.1101936598311502,0.056234562200255564,2097,122,work_labor,q1,anchor,anchor,0.017031990895058403,0.0053814229930830935
refmorwk,0.10430243540211044,0.0500041593581618,2100,122,work_labor,q1,anchor,anchor,0.0233996751422387,0.012108838434529574
workless,0.10521283658350099,0.0508959247266046,2097,122,work_labor,q1,target,anchor,0.024191664890781603,0.012926272143423255
noathome,0.10810118334996659,0.054105236771627666,2101,122,work_labor,q1,anchor,anchor,0.018030598753648416,0.006457646952254596
nonurse,0.0829762186344523,0.02695586004283257,2093,122,work_labor,q1,target,anchor,0.02467540336296254,0.013411797616842337
discaffm,0.17456277774473986,0.07744182439883115,1029,110,gender_family,q2,target,anchor,0.03749657882163304,0.015158849233521838
discaffw,0.23896234807294534,0.14242415365182298,869,100,gender_family,q4,target,anchor,0.04795515430396001,0.022671482032837146
fehire,0.14216409301977373,0.09236546172970933,2169,122,gender_family,q3,target,anchor,0.03412624956354858,0.02379492364321928
seriousp,0.12744596799184835,0.05601552379160576,1589,122,health_wellbeing,q1,anchor,target,0.01876173068822568,0.0031955929177638516
charactr,0.13206475564122153,0.06021419891782767,1572,122,health_wellbeing,q1,target,target,0.027368404634379038,0.012124238070263929
imbalnce,0.1433090901431657,0.07143261607216767,1551,122,health_wellbeing,q2,target,target,0.03470048090887954,0.019654272425956503
wayraise,0.1212333125464369,0.04717191801534715,1549,122,health_wellbeing,q1,target,target,0.03355178358230344,0.018417621499982464
stresses,0.13571031879859055,0.06383996246731226,1565,122,health_wellbeing,q2,anchor,target,0.041340003515984707,0.026819714947364424
genetics,0.11195098212857012,0.03679705814105841,1545,122,health_wellbeing,q1,target,target,0.01523362415344698,-0.0010148383502703757
godswill,0.14956547312394983,0.07783015605252548,1542,122,health_wellbeing,q2,anchor,target,0.04136214367775641,0.02659766474950403
upsdowns,0.10456634250212132,0.029930177256554155,1568,122,health_wellbeing,q1,anchor,target,0.03282690570889543,0.017855642411631626
breakdwn,0.14382595288091576,0.07216016382975508,1554,122,health_wellbeing,q2,anchor,target,0.03704837620797737,0.02216861611544916
mentlill,0.16061366043547895,0.08996804992557823,1543,122,health_wellbeing,q3,anchor,target,0.03868815085285118,0.023785091100739737
physill,0.14023726455753244,0.06802967230188782,1550,122,health_wellbeing,q2,anchor,target,0.03973123508381891,0.024964089937092284
dectreat,0.13436465138243525,0.06232308741952227,1564,122,health_wellbeing,q1,target,target,0.04633535289188226,0.03209073976519295
decmoney,0.11900535061540887,0.04462769456742297,1547,122,health_wellbeing,q1,target,target,0.03800396701856251,0.023105127701481806
imprvown,0.12492524284445643,0.05194413179214315,1563,122,health_wellbeing,q1,anchor,target,0.0367296550043463,0.021928229097439623
imprvtrt,0.12066079780593854,0.04702110115810487,1558,122,health_wellbeing,q1,anchor,target,0.03016518135309534,0.014932659224964047
vignei,0.13572540812698308,0.06277378682786312,1544,122,health_wellbeing,q2,anchor,target,0.035071754180784,0.019972785219406503
vigsoc,0.13829078982112694,0.06646251161237407,1561,122,health_wellbeing,q2,target,target,0.03420952812688522,0.019243867534697097
vigfrnd,0.13343439505649293,0.06063083885741511,1551,122,health_wellbeing,q1,anchor,target,0.023060601754009584,0.007339767789751419
vigwork,0.11434166170649764,0.039086983918884294,1539,122,health_wellbeing,q1,anchor,target,0.027332128260076947,0.011729161100445343
viggrp,0.1408931258822429,0.06780210057840699,1532,122,health_wellbeing,q2,anchor,target,0.04099126414753576,0.026101073981251208
vigmar,0.12382726731516595,0.04862034595706958,1523,122,health_wellbeing,q1,anchor,target,0.0359664847450476,0.020685364378282004
hurtoth,0.1590594506570477,0.08654155723226198,1510,122,health_wellbeing,q3,anchor,target,0.03429361433159099,0.01876741776192981
hurtself,0.13813446992666695,0.06445609890589525,1526,122,health_wellbeing,q2,target,target,0.018514548073923696,0.002246693756403052
tlkfam,0.17851153714807047,0.11086572030334266,1570,122,health_wellbeing,q3,anchor,target,0.04225156615009291,0.027838735918131314
tlkclrgy,0.1304334132640602,0.05708788142885806,1533,121,health_wellbeing,q1,anchor,target,0.04355369271134431,0.028862272186402357
meddoc,0.10179472529515518,0.02647923870887585,1560,122,health_wellbeing,q1,anchor,target,0.0252127922919554,0.009714876654583907
mentldoc,0.13843289343073792,0.0656341711648029,1542,122,health_wellbeing,q2,target,target,0.051449578036158135,0.03725839430917085
mentloth,0.15324170773605647,0.08245572796505328,1554,122,health_wellbeing,q3,target,target,0.044521832025772576,0.03006718110114816
sphealer,0.12600463894790928,0.05068830488921554,1517,122,health_wellbeing,q1,anchor,target,0.02626262456698176,0.010351189067894229
selfhelp,0.11296401823363386,0.03806676850770711,1548,122,health_wellbeing,q1,target,target,0.024246433379165714,0.008561362622134668
otcmed,0.1507585400674774,0.0781409586167243,1523,122,health_wellbeing,q2,target,target,0.042331668754344846,0.02742138829445019
rxmed,0.12588476175006003,0.04976450623874667,1503,122,health_wellbeing,q1,target,target,0.019561111835880232,0.003090375371348864
mentlhos,0.1484211185684632,0.0737371167215914,1477,121,health_wellbeing,q2,target,target,0.04532583059065767,0.030107833084912286
mustdoc,0.11749511505893892,0.04200390870579879,1529,122,health_wellbeing,q1,anchor,target,0.03361390234485266,0.018265337786159963
mustmed,0.12502646044784171,0.04981954929678083,1521,122,health_wellbeing,q1,anchor,target,0.03905804322655525,0.02393483704436565
musthosp,0.14733321790690954,0.07394559724048957,1515,122,health_wellbeing,q2,anchor,target,0.03229108896550895,0.016709752212149077
dangrslf,0.12554079561190168,0.052148534153862225,1554,122,health_wellbeing,q1,target,target,0.02733902135111586,0.011899342314581174
dangroth,0.16079236046422507,0.09091592331373274,1558,122,health_wellbeing,q3,anchor,target,0.03491699499004213,0.019961039123085045
knwmhosp,0.14587779091941203,0.0779009526441442,1612,121,health_wellbeing,q2,target,target,0.0459014088200903,0.032134759001220356
knwpatnt,0.1907235598699057,0.12655227457880472,1607,121,health_wellbeing,q4,anchor,target,0.05131324478015755,0.037794868268225715
fammhneg,0.16075379374174278,0.09066338738002704,1554,122,health_wellbeing,q3,target,target,0.04290160333572757,0.028357316005836408
othmhneg,0.1400852954758349,0.0664116009771394,1510,121,health_wellbeing,q2,anchor,target,0.038106857938789984,0.022847315103560452
diagnosd,0.10983807754088488,0.07559317405128972,3201,122,health_wellbeing,q2,anchor,target,0.0498212704424666,0.04403655045470719
mhtreatd,0.15408169703191643,0.03548017857168629,617,77,health_wellbeing,q1,anchor,target,0.047803245421243534,0.014937134923947368
relpersn,0.12725560311836506,0.09442533070854509,3252,122,religion_morality,q3,target,anchor,0.059749736453982065,0.054540152220828114
sprtprsn,0.09715696472590574,0.06270344352255629,3237,122,religion_morality,q1,anchor,anchor,0.03955594016970499,0.033378945108953444
aimofart,0.17472690717506859,0.08179037288326975,1001,103,misc_behavior,q2,target,anchor,0.0706292218392847,0.05007157412848998
letinhsp,0.1595035784469109,0.10981909766202556,2128,122,immigration_natid,q3,target,anchor,0.07224429098989839,0.06360417012597602
letinasn,0.15169134962052847,0.10128941659391029,2121,122,immigration_natid,q3,anchor,anchor,0.07043645964415754,0.061668574783452786
compuse,0.1808890139044494,0.15097326605771058,3289,122,media_technology,q4,anchor,target,0.0444353733834817,0.03861049765075937
satdemoc,0.08480274933322379,0.04887288907404503,3163,122,politics,q1,anchor,target,0.027635819442068575,0.020700504139642917
disrspct,0.1267577051050728,0.0771686062681883,2220,122,race_ethnicity,q2,anchor,anchor,0.06608091067578116,0.057623770834207395
poorserv,0.14498641384952335,0.09637525669820847,2210,122,race_ethnicity,q3,anchor,anchor,0.0608846454723306,0.05212161477415776
notsmart,0.144485560825899,0.09586220321079465,2211,122,race_ethnicity,q3,target,anchor,0.0710277517237512,0.06276841403664335
afraidof,0.1271561298338042,0.07738942265702317,2212,122,race_ethnicity,q2,anchor,anchor,0.037780698543510564,0.02786577452648204
threaten,0.11889855659842344,0.06877006827246,2220,122,race_ethnicity,q2,target,anchor,0.04327597170934042,0.03368424452916849
abmoral,0.21173765382877888,0.12337255134534915,1011,104,gender_family,q4,anchor,anchor,0.02952351634292927,0.006434795784421355
abhelp1,0.18096856042099305,0.08797889662736008,1003,104,gender_family,q3,anchor,anchor,0.05399017851795065,0.03233494330101382
abhelp2,0.19813961294131696,0.10759213659657282,1006,104,gender_family,q3,anchor,anchor,0.07336451675110144,0.053026062418715
abhelp3,0.1884079667467827,0.0965553662816714,1005,104,gender_family,q3,anchor,anchor,0.060400208939633326,0.03920705551262299
abhelp4,0.16533050540807984,0.07060702926347653,1005,104,gender_family,q2,target,anchor,0.06507783416903772,0.044191315315702896
chldprob,0.1197910907411942,0.04959326973058588,1615,121,health_wellbeing,q1,anchor,target,0.03041925170495137,0.01581628250060616
badchar,0.13550409586258863,0.06562019782387968,1592,121,health_wellbeing,q2,anchor,target,0.03539457442842449,0.020840489489831256
chembal,0.12460494849562503,0.0523704852674322,1565,121,health_wellbeing,q1,anchor,target,0.026975621941127174,0.011660770150020915
stressfl,0.14012219104751394,0.07090261734746517,1597,121,health_wellbeing,q2,anchor,target,0.03194002046792638,0.017241108832471885
geneprob,0.1492747809144822,0.08017710654120569,1569,120,health_wellbeing,q2,target,target,0.04015246443973547,0.025670922248245034
raised,0.10176277762808725,0.028523766521812252,1587,121,health_wellbeing,q1,target,target,0.024749679682203336,0.009537327818154338
violtv,0.17591166806222616,0.10937595494745331,1585,121,health_wellbeing,q3,target,target,0.07783225227445915,0.06551980536317595
discipln,0.12772255595676013,0.05647980424091835,1579,121,health_wellbeing,q1,anchor,target,0.025465477334060706,0.01021153402341673
allergic,0.14220951176696342,0.07181999173278658,1569,121,health_wellbeing,q2,anchor,target,0.06418468127344003,0.05098784012670371
imprvdis,0.1636469576787235,0.09562051863916092,1577,121,health_wellbeing,q3,anchor,target,0.054441160751923644,0.040796970585066164
imprveat,0.12545822688766514,0.05279440252239894,1555,121,health_wellbeing,q1,anchor,target,0.026383827999334326,0.010928001148134227
imprvmed,0.147821608752808,0.07873141708922868,1585,121,health_wellbeing,q2,anchor,target,0.04723250385295566,0.033268184957065884
nextdoor,0.135378439597634,0.06429711208366784,1568,121,health_wellbeing,q2,anchor,target,0.04507593150425561,0.03081865424209658
spendeve,0.1309312548572507,0.059587986142089926,1571,121,health_wellbeing,q1,anchor,target,0.03113631726569397,0.01612253910776508
chldfrnd,0.13387791918197725,0.06371562478123093,1563,119,health_wellbeing,q2,anchor,target,0.03215488797302655,0.01719890733229005
chldsch,0.13931993588189293,0.0695032983143723,1573,120,health_wellbeing,q2,target,target,0.03605350707071307,0.02137253458033412
adfam,0.13296372480041493,0.06337943936117367,1603,121,health_wellbeing,q2,anchor,target,0.02422489162305785,0.009147788082425772
adtch,0.1354829775436628,0.06617654174132458,1604,121,health_wellbeing,q2,anchor,target,0.03237002617640192,0.017766476523445447
addoc,0.13679453780793377,0.06741833685811967,1600,121,health_wellbeing,q2,anchor,target,0.04735957294945616,0.03355603529498202
adcoumed,0.11937867722253424,0.04867948069326518,1592,120,health_wellbeing,q1,anchor,target,0.027007125359315817,0.012018012177858178
adpsy,0.13925782541043064,0.07017082505431489,1588,120,health_wellbeing,q2,anchor,target,0.042225007035248036,0.028056821638209002
grwingup,0.1372355058668394,0.06785145162735526,1599,121,health_wellbeing,q2,target,target,0.041787097379344426,0.027661346783419246
mntlill,0.12503489821328695,0.05400842616098617,1575,120,health_wellbeing,q1,target,target,0.02570118479437017,0.010460826484422717
violpeop,0.1276715201611522,0.05597299733931437,1570,121,health_wellbeing,q1,anchor,target,0.04098109312119346,0.02651642493365586
violself,0.1395045418082518,0.06763309733426717,1545,121,health_wellbeing,q2,target,target,0.039755700821893135,0.024954918666477945
mhunsure,0.13130480177426757,0.05788342931930593,1543,122,health_wellbeing,q1,anchor,target,0.02677139772722637,0.011179110118127951
mhtrtot2,0.11461808701894254,0.041290627734185,1575,122,health_wellbeing,q1,target,target,0.04249416455098183,0.02814896785546583
polint,0.22180873844072513,0.15789819543830005,1564,122,politics,q4,target,target,0.084866054383583,0.07269008197840889
poleff11,0.15314586960309257,0.08220028637496202,1538,121,politics,q2,target,target,0.047761871072747646,0.03334826149269684
cctv,0.14512993513338304,0.07035042406819428,1493,122,politics,q2,anchor,target,0.04314010172980036,0.027920140161205226
goodlife,0.0978245953971772,0.04511044671539568,2175,122,econ_inequality,q1,anchor,anchor,0.024329239909200235,0.013516940290451487
marsame,0.232847874593461,0.148974772708111,1080,109,sexuality,q4,target,anchor,0.118138374807549,0.10180486073136587
meovrwrk,0.0850245755377587,0.031106319243353615,2163,122,gender_family,q1,target,anchor,0.020734434225433813,0.00966529530609941
befair,0.19030170860959783,0.11811473571351841,1448,121,civic_trust,q4,anchor,anchor,0.06691625031801471,0.052553534545321
cantrust,0.20111564239090443,0.1333934775594938,1513,121,civic_trust,q4,target,anchor,0.05950955213123348,0.04548173036365448
religinf,0.18662421959771472,0.1389918965704941,2135,122,religion_morality,q4,anchor,anchor,0.07548071745225633,0.06704411827126214
ambornin,0.1849728509802067,0.1186806849162918,1573,121,immigration_natid,q4,target,anchor,0.04459802700222917,0.030375475712604964
amcit,0.16858645823958993,0.10189152340977889,1596,121,immigration_natid,q3,anchor,anchor,0.08464065909336888,0.07280944353575447
amchrstn,0.263907224355883,0.2026329131830579,1525,121,immigration_natid,q4,anchor,anchor,0.10305639730858275,0.09147997490592204
amgovt,0.18360360354428082,0.11701786713583154,1569,121,immigration_natid,q4,anchor,anchor,0.07262828924391854,0.05989913068393669
amfeel,0.21537787117830637,0.14994308007459167,1532,121,immigration_natid,q4,target,anchor,0.10833884742492084,0.09709611936846987
amcitizn,0.18875187619569625,0.12281863238945484,1573,121,immigration_natid,q4,anchor,anchor,0.09041177922886934,0.07865931590615169
amshamed,0.1452594435847326,0.07484026030974847,1563,121,immigration_natid,q2,anchor,anchor,0.05085858541636713,0.036872846697251646
belikeus,0.16097656901938573,0.09146673285372119,1552,121,immigration_natid,q3,target,anchor,0.040046794876867936,0.02534223317742308
ambetter,0.17356050350751992,0.10623013035931891,1573,121,immigration_natid,q3,target,anchor,0.07430220952745825,0.06169979701613487
ifwrong,0.16777277550460323,0.09933493483044929,1561,121,immigration_natid,q3,anchor,anchor,0.028965615241052917,0.013724043197879836
prouddem,0.190062764274263,0.11963860617201906,1481,121,immigration_natid,q4,anchor,anchor,0.09911804589881623,0.08685649068779577
proudpol,0.17193419818644035,0.09894922713749907,1454,120,immigration_natid,q3,target,anchor,0.07445862607832646,0.06062502124702566
proudeco,0.1937685493299404,0.12476369763445583,1489,120,immigration_natid,q4,target,anchor,0.08791346949859072,0.07521526087916179
proudspt,0.16097211275955356,0.0823668811172153,1390,121,immigration_natid,q3,anchor,anchor,0.0527075040233547,0.0368205061346393
proudart,0.21820567165978036,0.14648021687406268,1407,121,immigration_natid,q4,anchor,anchor,0.058251641486137457,0.04289339199508096
proudhis,0.18705937424891994,0.11711136303362234,1495,121,immigration_natid,q4,anchor,anchor,0.08846681386558683,0.07581465664460578
imports,0.20597919463175468,0.13869459923605978,1512,121,immigration_natid,q4,anchor,anchor,0.053154807245742265,0.038758911136606934
wrldgovt,0.17378337115027007,0.10199415734502937,1485,121,science_environment,q3,target,anchor,0.05021703143531037,0.03534397037273339
amownway,0.1479387317573752,0.07533946600080024,1516,121,immigration_natid,q2,anchor,anchor,0.0344821019651213,0.01906435468186786
forland,0.1513242168105132,0.0795173543684812,1525,121,immigration_natid,q2,target,anchor,0.048800105673850035,0.03429845516176416
amtv,0.21145194392710737,0.14514424437261247,1522,121,immigration_natid,q4,anchor,anchor,0.03457672387072302,0.019234673061372564
immcrime,0.14200333280331015,0.0927060711668021,2190,122,immigration_natid,q3,anchor,anchor,0.03800500021902597,0.027986529215135846
immameco,0.15212136917641583,0.08065331619653342,1530,121,immigration_natid,q2,anchor,anchor,0.03515271698487632,0.019932831837458004
immjobs,0.15170446009272556,0.10361795175683201,2213,122,immigration_natid,q3,anchor,anchor,0.04803109917226124,0.03864446503567083
letin1,0.1994661342913698,0.12839385574451176,1452,121,immigration_natid,q4,target,anchor,0.05476725185113045,0.03975495219219569
amancstr,0.23994952974654205,0.1783218070770523,1566,121,immigration_natid,q4,anchor,anchor,0.07216629775865674,0.05937767932618233
intlincs,0.1539752772261008,0.08066670976815364,1492,121,econ_inequality,q2,target,anchor,0.023072216202312805,0.006714267688339233
letin1a,0.12540403094139285,0.0917566280055527,3187,122,immigration_natid,q3,target,anchor,0.0555404079667388,0.04998473696940748
immassim,0.16309463008960046,0.08758285811505385,1437,121,immigration_natid,q3,target,anchor,0.06047653845941025,0.04561085966092461
obeylaws,0.14592999562815034,0.04664089699293981,1014,107,civic_trust,q1,target,anchor,0.03374533558264533,0.01091637807293055
watchgov,0.1820261810206632,0.08504849578034694,974,105,civic_trust,q3,target,anchor,0.04407951723646242,0.02104638822730578
helpusa,0.25980097555487225,0.1595849009710169,585,72,econ_inequality,q4,target,anchor,0.0738366258468601,0.04317281816377657
solok,0.17136747980681752,0.05810420104766391,787,96,econ_inequality,q1,anchor,anchor,0.05858470984500661,0.03195608417406087
rghtsmin,0.2104922272241834,0.1069105873031762,838,99,politics,q3,target,target,0.06476952264511956,0.040151587441703995
polopts,0.13603184277761202,0.022224076033885758,764,90,politics,q1,target,target,0.03749896773379178,0.009149479780853523
poleff18,0.1526104188248194,0.08197594994456481,1545,121,politics,q2,target,target,0.04104378691935635,0.026322948272104862
corruptn,0.169022453645417,0.09621533369225796,1474,121,civic_trust,q3,target,anchor,0.04166534633644908,0.026166743115435327
polnews,0.18200926336909923,0.11468667365074162,1557,121,media_technology,q4,anchor,target,0.07140102100270289,0.058478282032355736
sexsex,0.3038243499603914,0.24499715616660547,1409,114,sexuality,q4,anchor,anchor,0.11709804815200808,0.10541728651374853
sexfreq,0.25431693653310716,0.2049243962036144,1893,122,sexuality,q4,target,anchor,0.15368185491651704,0.14743776059049998
hivtest,0.13013189635032538,0.07261472152884814,1931,122,health_wellbeing,q2,target,target,0.04535205463283047,0.034158447158478246
sexornt,0.07596995737277568,0.04052993646276137,3241,122,sexuality,q1,anchor,anchor,0.024346926729363453,0.017449712646673807
letdie1y,0.1865095307790333,0.0917873239428703,960,102,health_wellbeing,q3,target,target,0.05631733084043222,0.03404748006881524
spkathy,0.22202672838328996,0.1304069320024634,1041,112,politics,q4,anchor,target,0.06650623833061312,0.0460412091963207
libathy,0.24558045180624913,0.15661020439645898,1037,112,politics,q4,target,target,0.06429804819275828,0.04356860452440342
spkracy,0.18330923776172706,0.08632224892886319,1038,112,politics,q3,target,target,0.04862312352471211,0.026957620016962808
libracy,0.21949216404237587,0.126614567265505,1023,111,politics,q4,anchor,target,0.04936247930667571,0.027466192330755347
spkcomy,0.23557365514696918,0.14440311152074614,1019,111,politics,q4,anchor,target,0.0667206246162143,0.045842253679850016
colcomy,0.20828838447301753,0.11125154507355817,980,109,politics,q3,anchor,target,0.05916865052215147,0.037052677251137305
libcomy,0.23728741361095967,0.1451598927193991,1017,112,politics,q4,anchor,target,0.050350337449209824,0.028266629737525313
spkmslmy,0.24884942510057081,0.160195398036421,1036,112,politics,q4,target,target,0.08617780826822713,0.06680367499394822
libmslmy,0.22439838918614546,0.13235838583341844,1034,112,politics,q4,anchor,target,0.03632123782286632,0.013744211491919206
polhitoky,0.2623918922148387,0.1779052691603476,1014,107,crime_justice,q4,anchor,anchor,0.04576761692777594,0.023791232297549137
polabusey,0.1719223592395,0.07458551777527583,1011,108,crime_justice,q2,target,anchor,0.052807678242553516,0.031099635501791633
polattaky,0.2049584742087985,0.1130101037794464,1012,107,crime_justice,q3,anchor,anchor,0.0591141020656225,0.0379277641010764
norelgsp,0.23206821126495258,0.138845789153592,765,85,religion_morality,q4,anchor,anchor,0.0849553219034957,0.060242739186273445
hivafraid,0.12313795644512941,0.06512218350238001,1932,122,health_wellbeing,q2,anchor,target,0.05196418908327973,0.04111838321845362
hivimmrl,0.12926101829199102,0.06630134814832295,1780,122,health_wellbeing,q2,target,target,0.03731053478016984,0.02456064419814226
hivdscrm,0.1461662851980295,0.08504137636209132,1792,122,health_wellbeing,q3,target,target,0.01624984133777053,0.0024207547217826777
ptnrornt,0.09726550628750212,0.0381315070521356,1958,122,sexuality,q1,anchor,anchor,0.030108753366637455,0.01828315710006301
ptnrsxbrth,0.28107243688675626,0.2346206254401614,1926,122,sexuality,q4,anchor,anchor,0.08884742955373875,0.07984921364529136
relitenv,0.20805549025261533,0.10606896812478268,746,87,religion_morality,q3,anchor,anchor,0.06436677723874011,0.03746600708746684
biblev,0.20314835722115387,0.10048671883165049,746,87,religion_morality,q3,target,anchor,0.08346111706103017,0.057947286999541325
postlifev,0.2468390495558693,0.13498430066400505,465,62,religion_morality,q4,target,anchor,0.07738425906458286,0.040913703495070064
racopennv,0.13171207605077118,0.0035052066060727066,506,66,race_ethnicity,q1,target,anchor,0.05590631781412577,0.019017636899209028
getaheadnv,0.17850468705430125,0.05727846043089641,503,66,econ_inequality,q1,anchor,anchor,0.05907872391773661,0.022200999793693964
relitennv,0.17870582550012307,0.07708295083359161,875,98,religion_morality,q2,anchor,anchor,0.072269911712074,0.048949007908542404
biblenv,0.25116477543119536,0.15961848844539625,868,97,religion_morality,q4,target,anchor,0.13400445438370262,0.11449252695914162
postlifenv,0.14086952649967568,0.03303912006544344,859,97,religion_morality,q1,anchor,anchor,0.037780027568975964,0.011787103187852987
adoptus,0.09886653998323677,0.0468511590197468,2199,122,immigration_natid,q1,anchor,anchor,0.026546911727242734,0.015978873965300046
immfate,0.1247225581133432,0.07374007565245812,2170,122,immigration_natid,q2,target,anchor,0.04189290189485561,0.03196570815240409
vote20,0.3065399618411666,0.27964647079840016,3024,122,politics,q4,target,target,0.21705287808293172,0.21741235741820558
pres20,0.16415685836037955,0.11510928737976985,2124,121,politics,q4,anchor,target,0.038783197063065995,0.028525764181091456
if20who,0.12444677326917238,0.02974172181840545,684,68,politics,q1,target,target,0.033483245389232204,0.0020362947896989847
gestate,0.2099228970008226,0.11981313016006022,996,104,gender_family,q4,anchor,anchor,0.06269874661817736,0.04142243045036413
racdif1x,0.15197840761604298,0.051760131153647373,1018,109,race_ethnicity,q1,anchor,anchor,0.03593355780291166,0.013355692641915572
racdif2x,0.2160832087273446,0.12443545975290547,1040,111,race_ethnicity,q4,anchor,anchor,0.0499396314055468,0.028544592295012012
racdif3x,0.1627671632202822,0.062499449674890656,1033,112,race_ethnicity,q1,anchor,anchor,0.03590474500129438,0.013394060148631783
racdif4x,0.17042475411230762,0.07343278559364154,997,106,race_ethnicity,q2,target,anchor,0.04443996846834035,0.02221359334978516
conlabory,0.20297680222436323,0.10615984898101125,970,107,civic_trust,q3,anchor,anchor,0.07886780125921888,0.057860934860122566
racdif5,0.1669012012158477,0.06781621753288024,954,103,race_ethnicity,q2,anchor,anchor,0.05401664824743884,0.031302251707899256
marsamey,0.2955959419041415,0.21335203269531255,1031,111,sexuality,q4,anchor,anchor,0.12954303935546396,0.11271817018560448
lkelyvot,0.19846256997295503,0.16557126026264476,2948,122,politics,q4,target,target,0.06491096375108155,0.05915028903834061
whovote24a,0.15363360744699275,0.0800640412068856,1437,117,politics,q2,anchor,target,0.051184098533443974,0.035980519319890984
econstat,0.1479746659197318,0.11608197450983306,3248,122,econ_inequality,q4,target,anchor,0.05027663363705383,0.04462904994815428
polintrst,0.15155958242140324,0.11980764512274832,3246,122,politics,q4,anchor,target,0.07879861146354734,0.07442533433603211
intrnetuse,0.22291015862699579,0.16197944236916453,1629,122,media_technology,q4,target,target,0.11391660854223172,0.10384505112797966
inthome,0.1480930910761653,0.0774978522453036,1554,121,media_technology,q2,anchor,target,0.05110139781335478,0.037046791292021264
intprfssnl,0.2961063515121538,0.23411828264422918,1457,122,media_technology,q4,anchor,target,0.16142858030745658,0.15200059204093155
intpub,0.24943217276979182,0.18717857636742954,1545,122,media_technology,q4,target,target,0.14134284093313587,0.13181801698780077
intbhlf,0.16964543790544068,0.09766897733495027,1488,121,media_technology,q3,anchor,target,0.0429595702327614,0.02772197917610804
unplug,0.16701525186029567,0.0920633316490296,1452,122,media_technology,q3,target,target,0.06877407993562287,0.05451582446986849
unplgrsn,0.2533068917715968,0.1573325727208781,841,98,media_technology,q4,anchor,target,0.09775668208937993,0.07537452372633491
intskill,0.25039065453446907,0.18819625552683145,1544,122,media_technology,q4,anchor,target,0.11622920654091824,0.10547481358520436
intsurf,0.26746528944897763,0.20678881747717623,1543,122,media_technology,q4,anchor,target,0.1117126093269492,0.10071340559652715
intliteracy,0.18479876208615786,0.11543108135124892,1510,121,media_technology,q4,anchor,target,0.055680316082791836,0.04139914718408883
intapps,0.2608760356178335,0.1992788447752606,1536,122,media_technology,q4,anchor,target,0.1376367492878113,0.12785949598152588
intcomm,0.23570311098045532,0.17199373012393768,1541,122,media_technology,q4,target,target,0.0985076635577172,0.08682226032423955
intshare,0.19750830292198363,0.1302361947332373,1541,122,media_technology,q4,target,target,0.07763672636874061,0.06485208047393484
intsearch,0.22759107367233425,0.16323137803733143,1543,122,media_technology,q4,anchor,target,0.09098699685395462,0.07893239317619896
intgame,0.2029931106252358,0.13662563031337208,1549,122,media_technology,q4,target,target,0.1017697651814968,0.09033894145674845
intstream,0.27084776772649816,0.21078425306135054,1550,122,media_technology,q4,target,target,0.17907321604991125,0.17134510822379392
intfncl,0.22357659373959515,0.15907526477188197,1548,122,media_technology,q4,target,target,0.09986110949121176,0.08831575999999258
intmeet,0.1663188197653929,0.09513333044459645,1509,121,media_technology,q3,target,target,0.06716216705744152,0.053509862502172774
intlnly,0.13022117629288738,0.05664526110087086,1529,121,media_technology,q1,target,target,0.03822804077637857,0.023182524708102333
inttrig,0.1427739273091099,0.0687537957155099,1511,122,media_technology,q2,anchor,target,0.06900302513063807,0.055427613349021326
intnews,0.184588334865574,0.11397559527318732,1499,122,media_technology,q4,anchor,target,0.04553105200650641,0.03051592555786263
intcnfrm,0.20582520994298137,0.13806036677509634,1515,122,media_technology,q4,target,target,0.07123318223343278,0.057827633807145194
intpolview,0.15882693172207896,0.07362540749539627,1264,118,media_technology,q2,anchor,target,0.05930576178716919,0.04216616566989022
intoppo,0.1857844099260351,0.10329222649874917,1260,118,media_technology,q3,anchor,target,0.05879552132901111,0.041533032793292464
intviews,0.12448959028734784,0.04569094865018425,1447,121,media_technology,q1,anchor,target,0.03685438195559878,0.02075307902573119
techesy,0.15665213252624807,0.08724990940789559,1575,122,media_technology,q3,anchor,target,0.05016591604832441,0.03623781924170939
harmgood1,0.14755328671181608,0.07676500626594435,1564,122,media_technology,q2,target,target,0.0468519035524452,0.03262404444577456
nextgen1,0.14563213619283946,0.07529603649768529,1577,122,media_technology,q2,anchor,target,0.05188335709504875,0.03806683202390886
intscam,0.14160408033364044,0.06953183008968483,1550,122,media_technology,q2,anchor,target,0.045925579786827236,0.03149326712046843
inthrss,0.1704673834840268,0.10097791398151484,1547,122,media_technology,q3,target,target,0.0738084987259512,0.06087155479466903
polnewsfrom,0.15066189886577488,0.07638517213673998,1480,121,media_technology,q2,target,target,0.04369286735232707,0.028404977583258953
smnews,0.1761775310763278,0.10263974901689345,1424,119,media_technology,q3,anchor,target,0.058854992296245016,0.043849077728165306
tvnews1,0.139971389025878,0.0656859505529029,1511,122,media_technology,q2,target,target,0.03173497887833002,0.016067627645468225
radionews,0.14214892668638732,0.06050451663827094,1373,121,media_technology,q1,anchor,target,0.02017324465701871,0.0021267901369948607
webnews,0.1368282165148812,0.05498816829701557,1367,120,media_technology,q1,anchor,target,0.038363795006988506,0.021388694499585786
modepet,0.14510561780609554,0.07032970401338882,1481,121,politics,q2,anchor,target,0.04361685665348454,0.028329876909942833
modeprot,0.21147898868459258,0.1441103560697989,1500,121,politics,q4,target,target,0.06198776626531141,0.04794722468319871
modelobby,0.1396404314852852,0.06577257669830425,1507,121,politics,q2,target,target,0.044777594362702296,0.029853321064016915
modeorgprot,0.1642451177544543,0.09282825624088914,1509,121,politics,q3,anchor,target,0.03895671065511452,0.023724378496170907
modeorg,0.17622724397937237,0.10573775089409837,1505,121,politics,q3,target,target,0.034710671084028775,0.019189182992348664
dataprot,0.14716125470496919,0.06509831544364912,1336,119,media_technology,q2,target,target,0.03675141762964561,0.019279788051917247
emonitor1,0.13529576935159368,0.059286047999151936,1476,121,politics,q1,anchor,target,0.04120626831261066,0.02572169914175212
infodeal,0.20253362278989648,0.13631572609993797,1527,120,media_technology,q4,target,target,0.08424979992056954,0.07174030465032205
infoprofit,0.1848195609520688,0.11680961531185481,1537,121,media_technology,q4,anchor,target,0.0719579153565546,0.058860886368243784
gendtech,0.14208046580217312,0.05862006861365813,1324,119,media_technology,q1,anchor,target,0.023804106840237937,0.00534319958458181
agetech,0.1424146109681643,0.06599594544789372,1469,122,media_technology,q2,anchor,target,0.0287884395473747,0.012451134327077023
urbantech,0.13986571201317596,0.05918035389881838,1380,120,media_technology,q1,target,target,0.026376776118377177,0.008855187259052145
eductech,0.14511462908191106,0.06322228136543784,1365,121,media_technology,q2,anchor,target,0.03709959070751285,0.019954962973254796
classtech,0.16392838146408192,0.08700093065670467,1412,121,media_technology,q3,anchor,target,0.03494847026118435,0.0182974391985094
aiworry,0.13939413309781107,0.06639196573200636,1536,122,media_technology,q2,target,target,0.02644810468310987,0.010753889533291342
aidrive,0.22497677543945044,0.11930945628902409,626,77,media_technology,q4,anchor,target,0.08943184854344556,0.06066364324472753
owndecns,0.16806169112200128,0.09531444758190886,1452,119,immigration_natid,q3,anchor,anchor,0.05018133656340449,0.03501511513147707
brneffrt,0.1611199507252841,0.08819914720309999,1474,120,immigration_natid,q3,anchor,anchor,0.04859950021509779,0.03355960357612122
immcrime1,0.17549111062380673,0.10682702935718724,1542,121,immigration_natid,q3,anchor,anchor,0.02677748271479816,0.011204132211102948
immjobs1,0.19610053772465913,0.13022318038696534,1560,121,immigration_natid,q4,target,anchor,0.043263643507891796,0.028826714356413357
immideas1,0.15498878909029473,0.08467265943798108,1547,121,immigration_natid,q3,target,anchor,0.04982202871202028,0.03561701477005473
immwlfare,0.16901323316814268,0.09985264760502552,1544,121,immigration_natid,q3,anchor,anchor,0.041773632274867904,0.027083901370687516
conscrp,0.2077004096808817,0.10185892214249087,545,66,civic_trust,q3,anchor,anchor,0.13291285309211173,0.10511713514947744
incgap1,0.18447806914777443,0.1156550340563146,1522,121,econ_inequality,q4,anchor,anchor,0.048968336082056176,0.03444554493639148
servpub,0.13841520254520615,0.06310274532748578,1483,121,civic_trust,q2,anchor,anchor,0.045412870586914775,0.030229793647867233
fulldem,0.1451182637013055,0.0706789756548944,1487,121,politics,q2,anchor,target,0.02734784967076112,0.01118284554827392
poltalk,0.14699429421643379,0.07537389987831518,1536,121,politics,q2,anchor,target,0.02730147631172448,0.011695193919226741
conpow,0.15556481365892874,0.08427312556299961,1527,121,politics,q3,anchor,target,0.04060346817866948,0.025663923951461335
bizmoney,0.16769521100095935,0.09825819606806983,1541,121,econ_inequality,q3,target,anchor,0.04201194708348877,0.02730389201512536
experts,0.15024613131959616,0.07799247001593139,1518,121,civic_trust,q2,anchor,anchor,0.03858993103726034,0.023433611610730272
biasnews,0.1536728777724968,0.08126043259509169,1509,121,media_technology,q2,anchor,target,0.02645770946929965,0.010497899750150419
usmca1,0.139507225239582,0.0682528227108662,1557,121,politics,q2,anchor,target,0.03442980327814624,0.019457549890685454
morextrm,0.12804210087892912,0.054206660699412546,1541,122,health_wellbeing,q1,anchor,target,0.042774663546085445,0.028085141481026404
bullied,0.14931716425745403,0.07996496195536956,1577,121,health_wellbeing,q2,target,target,0.03334867020117592,0.018523365950203517
smedia,0.1366194356310783,0.06579895299614572,1571,121,health_wellbeing,q2,anchor,target,0.03737240522153382,0.02271530471919231
imprvown1,0.10771886928688319,0.03513962257161793,1589,121,health_wellbeing,q1,target,target,0.03106176220973143,0.016232506353574188
mustdoc1,0.12882348105104685,0.0580496094712691,1573,120,health_wellbeing,q1,anchor,target,0.021800647654684528,0.00631437818197217
mustmed1,0.14480425517826997,0.07560026167061763,1575,120,health_wellbeing,q2,target,target,0.038988805071571125,0.02450463969475822
musthosp1,0.16760117569289099,0.10044700572012798,1561,119,health_wellbeing,q3,target,target,0.032183272462653144,0.017197812311201495
physill1,0.12872806372472134,0.0569884328736495,1567,121,health_wellbeing,q1,anchor,target,0.033906471707138154,0.019009633107369975
bullpeer,0.14588496366877518,0.07557608584518738,1564,121,health_wellbeing,q2,anchor,target,0.034278199223799995,0.01937145466898358
rumopeer,0.13398986323905898,0.06076412756904391,1529,121,health_wellbeing,q1,target,target,0.026624799933759467,0.010898785924592527
fighpeer,0.12961177291978723,0.0574896979918462,1558,121,health_wellbeing,q1,anchor,target,0.02487027521405821,0.00935925289560867
schshoot,0.16275301970225947,0.09215130982812691,1527,121,health_wellbeing,q3,anchor,target,0.05425846186442383,0.04007549827657829
cutself,0.14295059011502068,0.07114844707171829,1527,120,health_wellbeing,q2,anchor,target,0.04162293609975268,0.02677647754244857
negself,0.1289985302294506,0.057068261689007665,1550,120,health_wellbeing,q1,target,target,0.022619140943277515,0.006934660588475171
foodalc,0.12121701435913972,0.047361095183435925,1540,121,health_wellbeing,q1,target,target,0.035211848382109105,0.020099620493475575
risklife,0.1395153816967643,0.06816293948023174,1529,119,health_wellbeing,q2,anchor,target,0.037445682306598255,0.02242637901622441
takelife,0.15914411454216365,0.08786957001765767,1508,120,health_wellbeing,q3,anchor,target,0.03588043655852518,0.020495260558178244
dsndntpay,0.1082234049989655,0.05530380664007362,2140,122,race_ethnicity,q1,anchor,anchor,0.04066258829697625,0.030505810816286158
acpttg,0.15042887376371236,0.09854826732841275,2069,122,sexuality,q3,anchor,anchor,0.0496315446495025,0.039526749612002005
chngdocs,0.11557891694708466,0.06285182105710928,2128,122,sexuality,q2,anchor,anchor,0.032636455084785625,0.021994637432999557
feovrwrk,0.11340989181930167,0.05951337165408733,2091,122,gender_family,q1,anchor,anchor,0.03311845577583102,0.022289033904549106
sexornt1,0.10952397064738266,0.05326352235877154,2020,122,sexuality,q1,target,anchor,0.043147872841856644,0.03241611476887222
sexpaid,0.12289853145557664,0.06747056059410218,2015,122,sexuality,q2,target,anchor,0.023844137826795526,0.012054444756285771
nocondom,0.19488626735581446,0.13899405904324794,1830,122,sexuality,q4,anchor,anchor,0.08805566229932377,0.07834574715710921
nodocidu,0.10538546866258643,0.04866910674677993,2015,122,health_wellbeing,q1,target,target,0.03767387171632334,0.026623018751635225
femself1,0.3128882907945607,0.24628571730491458,1220,112,gender_family,q4,anchor,anchor,0.09973102984953841,0.08461735541689973
mascself1,0.32588507495949137,0.254305319042008,1115,111,gender_family,q4,target,anchor,0.08599486205742668,0.06822917085872242
femsee1,0.2994738572609388,0.2346877642370348,1309,115,gender_family,q4,anchor,anchor,0.0961683690588309,0.08198335468450854
mascsee1,0.32246026520177773,0.25445501909036927,1204,114,gender_family,q4,anchor,anchor,0.09452196418515914,0.07877690206619961
racdif5x,0.13878072367752672,0.036088363842922216,1002,108,race_ethnicity,q1,anchor,anchor,0.02515248888404843,0.0015774440575432322
whovote24,0.15905808106334898,0.0929538565706407,1642,122,politics,q3,anchor,target,0.051630567450193385,0.03845848897556062
whovotets,0.09884126395534236,0.06277640551615077,3096,122,politics,q2,target,target,0.03637090082176722,0.02968046892102371
voteprob,0.11550873756658905,0.07906230560037114,2999,122,politics,q2,target,target,0.03443400892240858,0.027385535480170933
ptnrsxnow1,0.2753259360310579,0.22829370940478325,1920,122,sexuality,q4,target,anchor,0.08636161000060924,0.07720539239952079
credrep,0.3973442196445521,0.3298965520478065,974,102,econ_inequality,q4,target,anchor,0.14627158625139428,0.12983110525527816
credchoice,0.264557910937082,0.18253303297906162,1010,104,econ_inequality,q4,anchor,anchor,0.063749233833952,0.04288918358173086
credam,0.2064931410097802,0.11728250145950275,1009,104,econ_inequality,q4,anchor,anchor,0.061150925037327414,0.04010128029900165
credland,0.25445222988924077,0.17120471745176985,1010,104,econ_inequality,q4,anchor,anchor,0.06680017991330567,0.046133449436414356
credemp,0.18594246723977623,0.09409448815492893,1008,104,econ_inequality,q3,anchor,anchor,0.05268566107523167,0.03104157704705208
credcar,0.17308373541161678,0.07975175327861647,1009,104,econ_inequality,q2,anchor,anchor,0.047880012597991774,0.025965256074572982
knwsexor,0.19837732499019,0.1079593916769033,1007,104,sexuality,q3,anchor,anchor,0.05528470176737457,0.03380913385476778
happy_next,0.1361190847880795,0.038077807764793976,1008,104,health_wellbeing,q1,anchor,target,0.04513977496878093,0.02302181533823004
topprob2_hlth,0.15650334685312228,0.04059173878369813,702,86,health_wellbeing,q1,anchor,target,0.0447268592034636,0.015068609798477978
topprob2_educ,0.24339445778583985,0.1404827337848667,702,86,education_policy,q4,anchor,anchor,0.0844548209317802,0.057684008629040884
topprob2_crim,0.2077070840813063,0.09948590838805738,702,86,crime_justice,q3,target,anchor,0.035029551537817,0.00464377478668457
topprob2_envr,0.16157038486529202,0.04642362359982961,702,86,science_environment,q1,anchor,anchor,0.07446181600229712,0.04697877385673151
topprob2_immg,0.22231606899266726,0.11627338430863941,702,86,immigration_natid,q4,target,anchor,0.07701792399346175,0.049717961379741625
topprob2_econ,0.19925818812162194,0.08977393969487206,702,86,econ_inequality,q3,anchor,anchor,0.07415418427276994,0.04664906655256765
topprob2_terr,0.19005938019414687,0.07919730453082781,702,86,politics,q2,anchor,target,0.060882507932505936,0.03241649032039165
topprob2_povt,0.19069740456725953,0.07993098330760638,702,86,econ_inequality,q2,anchor,anchor,0.06149004317387633,0.03306837678455027
topprob2_none,0.2583008660471573,0.15759459632797476,702,86,politics,q4,anchor,target,0.08380604346424735,0.05698927738951713
vote_ts,0.3065399618411666,0.27964647079840016,3024,122,politics,q4,target,target,0.21705287808293172,0.21741235741820558
pres_ts,0.16415685836037955,0.11510928737976985,2124,121,politics,q4,anchor,target,0.038783197063065995,0.028525764181091456
